{
    "assemble_plate":
    {
        "x": 0.4088713508338083,
        "y": 0.04569093010477807,
        "z": 0.186,
        "roll": 0,
        "pitch": 0,
        "yaw": 0.015274520366423051,
        "deg": 0.8751655510826606,
        "width": 48,
        "height": 48
    },
    "storage_plate":
    {
        "x": 0.4088713508338083,
        "y": 0.04569093010477807,
        "z": 0.186,
        "roll": 0,
        "pitch": 0,
        "yaw": 0.015274520366423051,
        "deg": 0.8751655510826606,
        "width": 48,
        "height": 48
    }
}